ClipID,Boredom,Engagement,Confusion,Frustration
4140810143.avi,0,3,0,0
2100611018.avi,0,2,0,0
2100601027.avi,2,2,0,1
2100612034.avi,1,2,2,1
3100822011.avi,3,1,1,2
3100791058.avi,2,1,1,1
3100702024.avi,1,2,0,0
1100112006.avi,0,1,0,0
3100662053.avi,1,2,0,0
1100042025.avi,1,2,0,0
3344630265.avi,1,3,3,1
3100731014.avi,0,2,1,0
1100172037.avi,0,2,0,0
4110212038.avi,2,2,2,0
2056010133.avi,0,3,0,0
4110211032.avi,3,2,1,1
4000182040.avi,0,3,0,0
1100172034.avi,2,1,1,1
1100012066.avi,0,3,0,0
3422270143.avi,0,3,1,0
3100721055.avi,0,3,0,0
2260510185.avi,0,2,1,2
3422270128.avi,0,3,0,0
2000541039.avi,0,2,0,0
350361028.avi,1,1,1,1
4110311043.avi,2,3,0,0
2100532028.avi,1,3,0,0
4018350223.mp4,1,3,1,1
2100521062.avi,0,2,0,0
2056010228.avi,1,3,1,0
2026140159.mp4,1,3,0,0
2100531077.avi,1,3,1,1
1100172017.avi,1,1,0,0
33702102690.mp4,0,3,2,0
459999016.avi,2,3,0,0
4000181047.avi,1,2,1,0
1100122031.avi,1,3,0,0
205601027.avi,2,3,1,1
3100761051.avi,2,2,1,1
1100141013.avi,2,1,0,1
3503610168.avi,0,0,2,2
414081013.avi,0,2,0,0
4140810280.avi,1,3,1,1
3100781051.avi,1,3,0,0
1100171012.avi,0,2,0,0
2000501075.avi,0,3,0,0
2100611029.avi,1,2,1,0
4140810251.avi,0,3,0,0
1813740211.avi,1,3,1,1
3100782019.avi,0,3,0,0
1100072021.avi,2,2,0,0
334463014.avi,1,2,1,1
3100792035.avi,0,2,0,0
2000541072.avi,0,3,0,0
303830242.mp4,0,3,0,0
2260510267.avi,0,3,0,1
2100612009.avi,0,1,2,0
2100612042.avi,0,2,1,1
1100152026.avi,2,2,0,0
1110032014.avi,1,1,2,2
1100071015.avi,2,2,2,2
3422270223.avi,0,3,0,0
1100011047.avi,0,3,0,0
2000501015.avi,2,3,0,1
3100631057.avi,0,2,0,0
3100621051.avi,0,2,0,0
2100511019.avi,0,2,0,0
3503610255.avi,2,2,1,0
1100052014.avi,3,1,0,0
3100631059.avi,0,3,0,0
4110212062.avi,3,1,1,0
1100151028.avi,1,2,1,1
3100781033.avi,0,2,0,0
3100752027.avi,2,2,0,0
2100532019.avi,2,2,0,1
1100051036.avi,2,2,2,1
1110032029.avi,0,3,0,1
2100561051.avi,1,2,1,0
3100821020.avi,0,3,0,0
2100532010.avi,1,2,1,1
4110211065.avi,0,2,2,1
303830144.mp4,3,3,0,0
1110032043.avi,0,1,2,3
4110211028.avi,3,1,2,0
2408460274.avi,1,2,1,1
2100522056.avi,2,2,0,0
2100582021.avi,2,2,0,1
3100742027.avi,1,2,0,0
3100762030.avi,2,1,1,1
1100412033.avi,3,1,0,0
2100582057.avi,3,0,1,0
248510246.mp4,0,3,1,0
3100622033.avi,2,2,2,2
303830217.mp4,1,3,1,0
1100062004.avi,1,3,0,0
3100752014.avi,3,1,0,2
240846027.avi,1,2,1,1
3100761013.avi,0,2,0,0
2100581001.avi,2,1,1,1
2100602015.avi,2,2,0,0
3100791045.avi,0,3,0,0
3503610268.avi,1,3,0,0
4110212017.avi,2,2,0,0
2100572030.avi,0,2,0,0
4140810153.avi,2,1,0,1
1100411048.avi,2,2,0,0
2100572017.avi,0,3,0,0
2100601017.avi,0,3,0,0
29042801170.mp4,1,3,1,0
4000182059.avi,2,3,0,0
3100731028.avi,0,2,0,0
2000491074.avi,0,2,0,0
3344630139.avi,1,2,1,1
2100531023.avi,0,3,0,0
1100051002.avi,1,2,0,0
2904280150.mp4,1,3,1,0
1100051064.avi,2,3,0,0
3422270279.avi,0,3,0,0
1100142056.avi,0,3,0,0
3100702052.avi,1,3,0,0
2056010214.avi,1,3,1,0
3100642007.avi,1,1,0,0
4140810272.avi,1,1,0,0
1100171016.avi,2,2,1,0
3100772029.avi,0,2,0,0
3503610115.avi,1,2,1,0
1100051053.avi,2,1,0,0
1100152014.avi,1,2,2,1
3100722040.avi,0,3,0,0
2000501019.avi,2,3,0,0
303830240.mp4,0,3,1,0
2100552048.avi,2,1,2,1
2100601010.avi,1,3,0,0
3100722038.avi,0,3,0,0
4599990231.avi,1,3,1,0
3100831019.avi,2,3,1,1
4110311062.avi,2,1,1,1
3344630282.avi,1,1,2,3
1100051032.avi,1,3,1,0
1100122012.avi,0,3,0,0
3100721023.avi,0,3,0,0
2100611045.avi,1,2,0,0
3503610111.avi,0,3,0,0
2000501014.avi,2,2,2,0
1100072036.avi,2,2,0,0
1100071005.avi,2,2,0,0
1100411018.avi,0,2,0,0
4110211040.avi,2,0,1,0
3100791063.avi,0,2,0,0
2000542050.avi,0,3,0,0
1100122018.avi,0,3,0,0
2100531026.avi,1,2,0,0
3100721054.avi,0,3,0,0
2100581073.avi,1,2,0,0
4140810234.avi,2,2,1,0
3100752051.avi,2,1,0,1
4018350137.mp4,1,3,1,0
1100071057.avi,2,3,0,0
4018350281.mp4,2,2,0,0
2100531058.avi,0,3,2,1
226051019.avi,2,3,1,0
1100111029.avi,2,2,1,0
2100591080.avi,1,3,1,0
29042801580.mp4,0,3,0,0
4110211038.avi,2,1,0,0
2000482070.avi,1,2,0,0
3100721040.avi,0,3,0,0
2100611060.avi,0,2,2,0
2100531042.avi,0,3,1,1
1100112022.avi,1,2,0,0
1100171059.avi,1,1,0,0
2260510247.avi,0,3,0,0
303830175.mp4,0,2,0,0
2100511072.avi,0,3,0,0
1100052047.avi,1,2,0,0
4018350120.mp4,1,3,0,0
4599990214.avi,1,2,1,1
3100692034.avi,1,3,1,0
1100141009.avi,1,2,0,0
2026140243.mp4,3,3,0,0
3100781029.avi,0,3,0,0
29042801740.mp4,1,3,1,1
4110211015.avi,0,0,0,0
1100152010.avi,1,1,0,0
2100531057.avi,0,3,0,1
3100622009.avi,2,2,2,2
414081015.avi,2,2,1,0
2100531074.avi,0,3,1,0
342227023.avi,1,3,0,0
1100012059.avi,0,3,0,0
4599990139.avi,0,3,0,0
3100772022.avi,1,3,0,0
414081027.avi,1,3,0,0
2100591013.avi,0,2,0,0
2100561023.avi,0,3,0,0
4140810162.avi,2,1,1,0
1100022053.avi,0,2,2,1
2100551035.avi,2,1,0,2
2000482059.avi,1,3,2,1
2100552024.avi,2,2,1,0
2026140241.mp4,1,3,1,1
2100551075.avi,0,2,0,1
1813740221.avi,1,3,1,0
1100142028.avi,2,2,2,0
1110032018.avi,2,3,2,1
3344630189.avi,0,3,0,0
4599990144.avi,1,3,1,0
3100811050.avi,0,3,0,0
1100142021.avi,2,3,1,0
3422270252.avi,1,3,0,0
3100622006.avi,2,2,2,1
33702101270.mp4,1,3,1,0
2026140212.mp4,1,3,0,0
3100831014.avi,1,2,0,0
248510119.mp4,1,3,0,0
2100582050.avi,1,2,0,0
3100822069.avi,0,3,0,0
2100592049.avi,0,3,0,0
3100702062.avi,1,2,0,0
1100042024.avi,2,2,1,0
4000182014.avi,0,3,0,0
2100602038.avi,1,2,2,2
4018350282.mp4,1,1,0,1
3100732041.avi,2,2,0,0
3100761019.avi,1,2,0,0
1100012015.avi,0,3,0,0
1100152031.avi,2,1,0,0
3100622021.avi,0,2,2,0
1100072004.avi,2,2,0,0
2100531036.avi,0,2,0,2
3100792002.avi,2,2,0,0
3100821033.avi,0,0,0,1
2100571021.avi,2,1,0,0
3100722066.avi,0,3,0,0
1100121059.avi,0,2,1,0
2100561054.avi,0,2,1,0
2000491070.avi,1,2,0,0
3100781041.avi,0,3,0,0
1100171005.avi,0,2,0,0
3503610213.avi,1,2,1,0
2100611036.avi,1,2,1,0
1100112003.avi,0,3,0,0
2100512041.avi,2,2,0,0
3100722076.avi,0,3,0,0
2100562030.avi,1,2,0,1
2100591036.avi,0,3,0,0
1100071052.avi,2,2,0,0
2100611056.avi,0,3,0,0
1100121056.avi,1,2,0,0
4110311023.avi,2,1,2,3
303830160.mp4,2,2,1,1
2000541071.avi,1,2,0,1
3344630162.avi,2,1,0,0
1110032053.avi,2,2,2,2
2408460137.avi,0,1,0,0
3100822075.avi,0,3,0,0
2000491077.avi,1,1,0,0
2100532058.avi,0,3,0,0
1110031037.avi,1,3,0,2
2100571049.avi,3,1,1,0
2100532048.avi,0,3,0,0
3100812006.avi,2,3,2,0
3100741063.avi,0,3,0,0
1100121038.avi,0,3,0,1
1100012013.avi,0,3,0,0
303830158.mp4,2,3,0,0
3100621033.avi,0,3,0,0
2100511016.avi,0,3,0,0
33702102160.mp4,1,3,0,0
3100791071.avi,1,3,0,0
2100561011.avi,0,2,0,0
3100661032.avi,2,3,1,0
2100611061.avi,0,3,2,0
2000541028.avi,0,3,0,0
2000542032.avi,0,2,1,0
2100611031.avi,1,2,0,0
3100741013.avi,1,2,0,0
1100042059.avi,2,2,0,1
2100571031.avi,3,2,0,0
3100631053.avi,0,2,1,0
2100611003.avi,0,3,0,0
3100642027.avi,2,2,0,3
2056010126.avi,1,2,0,0
1100171078.avi,0,3,2,1
3100782050.avi,1,2,2,1
3100702029.avi,1,2,0,0
1100141036.avi,2,2,1,0
2000502081.avi,2,1,0,0
3100621040.avi,0,3,0,0
4000182008.avi,1,2,1,1
4110212007.avi,0,2,0,0
3100722012.avi,0,3,0,0
2026140233.mp4,0,2,1,0
2260510212.avi,0,3,0,0
181374028.avi,0,3,0,0
1100171069.avi,0,3,1,1
4110211039.avi,3,1,2,2
2100572021.avi,2,1,0,0
3344630241.avi,2,3,2,1
1100071009.avi,2,2,0,0
3100762027.avi,2,1,1,0
1100121040.avi,0,3,0,0
303830178.mp4,1,2,1,0
3100631032.avi,0,3,0,0
2100592042.avi,1,3,0,0
3100661046.avi,2,3,1,0
2100611002.avi,1,3,1,0
1813740176.avi,1,2,1,1
2100511074.avi,2,3,1,1
1100082003.avi,0,3,0,0
4110211025.avi,3,0,0,1
4110211004.avi,2,1,0,0
3100781069.avi,0,3,0,0
2100531012.avi,1,3,1,1
1100051042.avi,2,2,2,0
3100791006.avi,1,2,0,0
303830249.mp4,0,3,0,0
3100821032.avi,2,1,0,0
4110211018.avi,3,2,2,1
1100071026.avi,2,2,0,1
3100831032.avi,1,2,0,0
1100151055.avi,1,2,0,0
2000501030.avi,3,1,1,0
1100112002.avi,2,1,0,0
3100741066.avi,1,1,0,0
1100072006.avi,0,2,0,0
4110312006.avi,0,3,0,0
3100711007.avi,2,2,2,0
1100062017.avi,0,3,0,0
3503610278.avi,1,2,0,0
2026140138.mp4,1,3,0,0
3503610248.avi,0,3,1,0
3100772051.avi,1,1,0,2
2260510254.avi,1,2,1,1
2260510231.avi,0,3,1,0
3100782062.avi,0,3,0,0
1100082018.avi,1,2,1,1
3100722042.avi,0,3,0,0
4140810182.avi,0,3,0,0
2100521008.avi,0,3,0,0
24851011.mp4,0,2,0,0
2260510217.avi,0,2,0,0
2100581022.avi,1,2,1,1
3100621043.avi,0,3,0,0
2100572067.avi,2,2,0,0
4140810219.avi,2,1,0,1
202614021.mp4,1,3,1,0
4599990137.avi,1,3,0,0
1100131019.avi,0,3,0,0
3100722072.avi,0,3,0,0
1100072022.avi,0,2,0,0
2100562042.avi,1,3,0,0
2260510134.avi,1,2,1,0
1100072065.avi,1,2,1,1
24851026.mp4,0,3,0,0
1100151011.avi,1,1,1,2
33702101540.mp4,1,2,2,1
2100522051.avi,0,2,0,0
1100071019.avi,1,2,0,0
3100781030.avi,0,3,0,0
2100571038.avi,1,1,0,1
4000181041.avi,1,3,1,1
2100551042.avi,3,1,0,0
1100111023.avi,1,3,0,0
4018350160.mp4,1,3,1,0
3100771048.avi,0,3,0,1
2000491067.avi,1,2,0,1
4000181029.avi,1,2,2,1
2100532024.avi,0,3,0,0
2100531067.avi,1,3,2,1
2100601011.avi,2,3,0,0
3100771080.avi,2,2,1,0
3100631054.avi,2,3,0,1
2260510257.avi,1,2,1,0
2260510177.avi,2,1,0,1
2100552012.avi,2,2,2,0
3344630266.avi,1,2,1,0
2000542056.avi,1,2,1,0
1100062044.avi,2,2,0,0
2026140253.mp4,1,2,2,0
1100121061.avi,1,2,0,1
3100761003.avi,1,1,0,0
3100741035.avi,0,3,0,0
3100782045.avi,0,3,0,0
2100551072.avi,2,2,0,0
4110211001.avi,1,1,0,0
3503610138.avi,0,3,0,0
3100641023.avi,1,1,0,0
2100602072.avi,1,3,0,0
3100801006.avi,2,2,0,2
3100821068.avi,0,3,0,0
2100611026.avi,0,3,0,0
2100612068.avi,2,2,2,0
2100522035.avi,0,2,1,0
3422270111.avi,1,1,1,1
1100072015.avi,2,2,0,1
3100741003.avi,0,3,0,0
202614029.mp4,2,2,1,0
2100611011.avi,0,3,0,0
1100061064.avi,0,3,0,0
2100532022.avi,3,0,3,2
3100681017.avi,3,1,0,2
4110212055.avi,0,2,0,0
2100512039.avi,0,2,0,0
2100572068.avi,0,2,0,0
2056010137.avi,2,2,0,0
2100522001.avi,0,2,0,0
1100172004.avi,0,2,1,1
1100012062.avi,0,3,0,0
181374017.avi,1,2,1,0
2100601044.avi,0,3,0,0
29042801370.mp4,1,1,1,1
1100411036.avi,1,2,0,1
1100172039.avi,0,2,0,0
2100581074.avi,1,2,2,1
1100112025.avi,0,2,0,0
2100602049.avi,1,3,0,0
3422270157.avi,1,2,1,0
30383023.mp4,2,1,0,0
3100631056.avi,0,3,0,1
2100592067.avi,0,3,0,0
2000542036.avi,0,2,1,1
2408460155.avi,1,3,0,0
33446301101.avi,1,2,1,0
3100792008.avi,0,2,0,0
2100591028.avi,0,2,0,0
3100751008.avi,1,1,0,1
2100581062.avi,1,3,1,1
4000181020.avi,2,3,1,1
3100701061.avi,0,2,0,0
3100742011.avi,0,3,0,0
3100771027.avi,1,2,0,0
3100831045.avi,0,3,0,0
1813740149.avi,1,3,0,0
2408460217.avi,1,2,2,1
3100721044.avi,0,2,0,0
2026140230.mp4,2,2,1,2
3344630220.avi,0,3,1,0
3100742012.avi,0,3,0,0
181374023.avi,1,2,1,0
3100821055.avi,0,2,0,0
2000541066.avi,2,2,1,0
2100532016.avi,2,1,0,0
3100731007.avi,0,2,0,0
3100721047.avi,0,3,1,0
4599990224.avi,1,3,0,0
3100662014.avi,1,3,0,0
1100071042.avi,2,2,1,0
1100161045.avi,2,2,3,1
1813740180.avi,1,2,1,1
3100742058.avi,2,1,2,0
2100582017.avi,1,2,0,0
3100751048.avi,1,2,0,0
3100742001.avi,0,2,1,0
3100772052.avi,2,2,0,0
3100642021.avi,1,2,0,0
1100072001.avi,2,2,0,0
1100072071.avi,1,2,1,1
2100512057.avi,0,3,0,0
1100152020.avi,0,3,0,0
2000502006.avi,3,2,0,0
1813740168.avi,1,3,0,0
3100742046.avi,0,2,0,0
1100071011.avi,2,2,0,0
4110312023.avi,0,3,0,0
2100592056.avi,0,2,0,0
2100601007.avi,2,2,2,2
1100062063.avi,2,2,0,0
1100072081.avi,1,2,0,0
3100722045.avi,0,2,0,0
2100572050.avi,1,3,0,0
303830216.mp4,0,2,2,3
2100532026.avi,0,3,0,0
2100611035.avi,0,3,0,0
2260510221.avi,1,2,1,0
1100072058.avi,1,3,0,0
2260510155.avi,2,1,0,2
3100771007.avi,0,1,2,0
3100791016.avi,1,2,0,0
33702102200.mp4,0,3,1,0
3100632041.avi,1,3,0,0
2000501002.avi,2,2,1,0
1100072012.avi,0,3,0,0
3100781080.avi,0,3,1,0
181374027.avi,1,2,1,0
2100591056.avi,0,3,0,0
248510230.mp4,0,3,0,0
4110311054.avi,0,1,0,0
2026140264.mp4,2,1,1,1
3100622041.avi,0,3,0,0
2904280120.mp4,0,3,0,0
1813740268.avi,1,3,1,0
4018350247.mp4,1,2,2,0
1100151049.avi,0,3,0,0
3503610154.avi,1,3,1,1
3100691012.avi,3,2,0,0
2100531021.avi,0,3,0,0
1813740279.avi,0,3,0,0
1100171045.avi,1,2,0,0
3100681002.avi,2,2,2,0
2100611012.avi,0,3,0,0
3100772024.avi,1,3,2,1
4140810270.avi,0,2,0,0
1100011080.avi,0,3,0,0
2000502072.avi,2,2,1,2
2100601015.avi,1,2,0,0
2260510277.avi,1,2,1,0
3344630243.avi,1,3,2,1
1100152055.avi,0,1,0,0
2100532044.avi,0,2,1,0
29042802660.mp4,1,2,0,0
1100121028.avi,0,3,0,0
1100042019.avi,0,3,0,0
3100782014.avi,1,3,1,0
3100771039.avi,1,2,0,0
3344630148.avi,0,3,0,0
2100582054.avi,1,2,0,0
2000501056.avi,1,2,0,0
4110311053.avi,1,3,0,0
2026140247.mp4,1,3,0,0
3344630219.avi,0,3,2,1
3100701008.avi,0,2,0,0
1100151017.avi,2,2,0,0
3100782066.avi,0,3,1,0
1100112042.avi,0,3,0,0
2100582052.avi,3,0,0,0
3100761005.avi,2,1,0,0
2100601064.avi,2,2,2,0
2100572038.avi,1,2,3,1
4110211080.avi,2,2,2,2
4000181072.avi,2,2,0,1
3100641004.avi,2,1,1,1
3100812005.avi,0,3,0,0
3100771073.avi,0,2,1,0
2100611015.avi,0,3,0,0
3100641006.avi,2,1,0,0
1100122006.avi,1,3,0,0
1100142060.avi,1,2,1,1
4110211055.avi,2,1,1,1
1100051029.avi,2,2,0,0
2100522021.avi,0,2,0,0
3100831006.avi,2,2,1,0
2100522013.avi,1,2,0,0
4599990141.avi,0,3,0,0
1110032050.avi,0,3,1,2
1813740119.avi,1,2,0,0
3100632025.avi,0,3,0,0
3100621048.avi,1,3,2,2
3503610137.avi,1,2,1,0
3422270152.avi,0,2,0,0
3100731037.avi,0,3,0,0
1100171008.avi,3,0,0,0
1100141030.avi,1,2,1,2
2100552053.avi,1,2,2,1
2100552014.avi,2,2,1,0
1110031025.avi,3,0,2,2
3100772010.avi,2,3,2,1
2056010253.avi,1,3,0,0
2100601073.avi,1,3,0,0
1100051007.avi,2,1,2,1
2100522038.avi,2,2,0,0
4140810217.avi,2,1,0,0
3100621037.avi,0,1,2,0
1100141004.avi,1,3,0,0
2056010142.avi,0,2,1,1
3344630180.avi,1,2,0,0
1100072023.avi,0,3,0,0
1813740274.avi,0,3,0,0
2100612010.avi,0,3,1,0
1100171017.avi,1,2,0,0
1100121004.avi,1,3,0,0
2100552038.avi,1,2,0,0
2100511027.avi,2,2,1,0
2100521056.avi,0,2,0,0
2100521013.avi,1,2,0,0
3100781013.avi,1,2,1,1
3422270133.avi,0,3,0,0
2408460150.avi,1,2,0,1
3100742065.avi,2,2,1,0
2100602054.avi,1,3,0,0
4110211009.avi,2,2,3,0
4110212044.avi,1,3,1,0
303830269.mp4,0,2,1,1
4110212034.avi,3,1,2,0
226051021.avi,1,2,2,0
4000181006.avi,2,2,0,0
3100782047.avi,0,3,0,0
303830223.mp4,1,3,0,1
1100172033.avi,2,1,0,0
3503610233.avi,0,3,1,0
1100072049.avi,1,2,0,0
248510276.mp4,0,3,0,0
4110211005.avi,2,1,0,3
1100072063.avi,0,3,0,0
33702101410.mp4,1,3,0,0
2100521023.avi,0,2,0,0
3100751022.avi,0,2,0,0
1813740213.avi,1,2,1,0
2000502065.avi,2,1,0,0
3100692011.avi,1,3,0,0
2000482067.avi,0,3,0,0
2100552052.avi,0,3,0,0
1100152040.avi,1,2,0,0
1110031031.avi,2,3,0,3
1100072052.avi,2,3,0,0
33702101580.mp4,1,3,1,0
2100592029.avi,0,3,1,0
1100161028.avi,2,2,0,0
3100741049.avi,0,2,0,0
2100522064.avi,2,2,2,0
1100171004.avi,1,0,0,0
1110031038.avi,3,0,1,2
2100581041.avi,1,2,0,0
1100072084.avi,0,2,0,0
202614015.mp4,0,3,1,1
2000481037.avi,0,3,1,0
4110211022.avi,2,1,1,1
2100591065.avi,0,3,0,0
3100822031.avi,3,0,0,0
3100772033.avi,1,3,0,0
3100792038.avi,2,2,1,0
1100011072.avi,0,3,0,0
2100512006.avi,1,2,1,1
2100571046.avi,2,3,0,0
29042802440.mp4,1,3,0,0
3100741012.avi,0,2,0,0
3100821069.avi,0,0,0,0
3503610276.avi,1,2,0,0
3100691026.avi,0,2,0,0
1100062049.avi,2,1,2,0
2100571007.avi,3,1,0,0
3100771021.avi,2,2,0,2
1100151057.avi,1,1,0,0
401835011.mp4,0,3,1,0
4110211014.avi,3,1,1,1
2100601012.avi,1,1,0,0
2100531050.avi,0,2,2,0
2100611041.avi,0,3,0,0
1110031010.avi,2,1,1,2
2056010240.avi,1,2,1,1
2100511036.avi,0,2,0,1
1100062008.avi,2,1,1,2
3100771012.avi,1,3,2,0
1100141015.avi,2,2,0,0
4000181055.avi,0,2,0,0
1110032004.avi,1,2,3,1
2100512016.avi,0,3,0,0
1100061023.avi,0,2,0,0
2100512015.avi,1,2,0,0
1100152049.avi,1,2,1,0
2100582046.avi,2,2,1,0
2100571034.avi,1,2,0,0
2056010265.avi,0,3,1,1
1110031019.avi,0,2,1,0
414081021.avi,0,3,0,0
1100161053.avi,0,1,0,0
2100512051.avi,1,1,1,0
3100631043.avi,0,3,0,1
3344630121.avi,2,1,1,1
3100631013.avi,2,2,2,2
4000181043.avi,2,2,0,0
2408460149.avi,1,2,2,0
3503610142.avi,0,2,0,0
2100581038.avi,2,2,0,0
3100781034.avi,2,1,2,1
33702102870.mp4,0,3,0,0
2100571044.avi,2,1,0,3
3100831022.avi,0,3,0,0
2100571013.avi,1,3,0,0
4000181004.avi,3,1,0,1
29042801790.mp4,0,2,3,0
1100141027.avi,1,1,0,1
3100792043.avi,0,2,0,0
4140810240.avi,1,3,0,0
3503610140.avi,0,3,0,0
4110311005.avi,1,2,0,0
2100521070.avi,1,2,0,0
3100782067.avi,1,1,2,1
3100641003.avi,2,1,2,0
3422270254.avi,1,3,1,1
1813740185.avi,1,1,1,1
1100111002.avi,0,3,0,0
2100571002.avi,2,1,2,0
350361011.avi,2,2,1,0
1813740122.avi,1,2,1,1
2260510182.avi,3,2,1,2
3100752030.avi,2,1,1,0
2100551055.avi,1,2,0,0
2100532045.avi,1,2,0,0
3100792044.avi,0,2,1,0
1100072011.avi,2,3,0,0
2100551081.avi,2,2,2,0
2100551010.avi,3,1,2,1
3100722068.avi,0,3,0,0
2100551066.avi,2,3,0,0
2100552063.avi,0,1,1,2
1100171083.avi,1,2,0,0
2100551076.avi,0,3,0,0
2100591034.avi,0,3,0,0
33702101250.mp4,1,2,2,0
3100741060.avi,0,3,0,0
3100782072.avi,0,2,0,0
2000501049.avi,0,3,0,0
3503610228.avi,2,3,0,0
3100791050.avi,0,2,1,0
4110311048.avi,2,1,0,2
1100052040.avi,2,3,1,0
2260510172.avi,1,3,0,1
1100071022.avi,2,2,0,0
2100582027.avi,2,1,0,0
3503610163.avi,1,3,1,0
3100811002.avi,0,2,0,0
3100822067.avi,2,2,0,0
4140810211.avi,1,3,1,1
2056010160.avi,1,3,1,0
1100412039.avi,3,1,1,2
2100521032.avi,2,1,2,0
3100792048.avi,0,3,0,0
4110211061.avi,2,0,2,3
1100411053.avi,2,3,0,2
2100532042.avi,0,2,0,0
2100511026.avi,0,2,0,0
3100821037.avi,0,2,0,0
3100782027.avi,0,3,0,0
3100782016.avi,0,3,0,0
4140810254.avi,1,3,0,0
3344630240.avi,1,3,1,0
1110032027.avi,1,1,2,2
2000502053.avi,0,1,0,0
3100682007.avi,1,3,0,0
2000501006.avi,2,1,0,0
2100551037.avi,2,2,2,0
2000542015.avi,0,3,0,0
1100122021.avi,2,2,0,0
2100611064.avi,0,3,0,0
1100061061.avi,0,3,0,0
2056010242.avi,2,2,1,2
3100702033.avi,0,2,0,0
2026140124.mp4,0,2,0,0
1813740271.avi,0,2,1,0
3100631019.avi,0,3,0,0
4110211034.avi,2,2,0,0
2000501066.avi,0,3,0,0
1100011069.avi,0,3,0,0
3344630188.avi,0,3,0,0
2100562024.avi,2,1,1,0
2100552066.avi,1,2,0,1
29042801350.mp4,1,3,0,0
459999025.avi,1,3,0,0
1813740164.avi,1,3,0,0
1100162016.avi,3,1,0,0
2100581072.avi,2,2,0,1
1100112036.avi,1,3,0,0
4110312009.avi,2,1,2,0
4110211053.avi,2,1,0,1
3100662037.avi,3,1,0,0
1813740261.avi,0,3,0,0
4000181064.avi,2,2,2,1
2100582061.avi,3,1,0,0
2026140165.mp4,0,3,0,0
2100571018.avi,2,2,0,0
2260510272.avi,0,3,0,0
2056010134.avi,1,0,1,0
3100792005.avi,1,2,0,0
29042802110.mp4,0,2,1,0
1100112041.avi,0,2,0,0
4000182047.avi,0,2,0,0
4000182039.avi,2,2,0,0
2100532053.avi,0,3,0,0
1100121032.avi,0,3,0,0
4000182051.avi,2,2,1,0
3100781078.avi,0,3,2,0
2100601053.avi,1,2,0,0
3100752036.avi,1,2,0,0
1100072038.avi,1,2,1,1
2100532071.avi,0,3,0,0
3100642055.avi,2,1,0,0
3422270155.avi,1,2,2,0
3344630190.avi,0,3,0,0
2100521063.avi,2,2,0,0
1813740243.avi,0,3,0,0
1100051026.avi,2,2,1,0
1100052024.avi,1,2,0,0
3100771001.avi,0,1,2,1
1100022045.avi,0,3,0,0
3100702063.avi,1,2,1,1
2100562056.avi,0,3,0,0
2100561019.avi,0,3,0,0
303830146.mp4,2,2,2,1
1813740260.avi,1,2,0,0
3100772053.avi,0,3,0,0
1110031063.avi,2,0,3,2
3422270210.avi,0,3,0,0
334463027.avi,2,2,1,1
3100692009.avi,0,3,0,0
1100072073.avi,2,2,0,0
3100692023.avi,0,2,0,0
3100781076.avi,0,3,0,0
1100152069.avi,0,2,0,0
1100121057.avi,0,3,0,0
2100562058.avi,1,3,3,0
4018350232.mp4,0,3,0,0
1100051011.avi,1,2,0,0
2000501065.avi,1,3,0,0
3100772067.avi,0,2,0,0
2100572018.avi,0,3,0,0
1100041015.avi,2,3,0,0
3100642017.avi,2,1,0,0
2100602061.avi,0,2,0,0
2100562010.avi,1,3,0,0
248510245.mp4,0,3,0,0
2100572055.avi,2,3,0,0
33702101260.mp4,0,3,0,0
2026140149.mp4,1,2,2,1
2000482018.avi,1,2,1,1
248510262.mp4,0,3,2,0
4110211078.avi,2,1,1,2
2100591002.avi,1,3,0,0
4110212036.avi,2,1,2,1
3100722057.avi,0,3,0,0
3100721024.avi,0,3,0,0
4110211013.avi,3,1,0,0
1813740184.avi,3,1,0,1
3100681018.avi,2,1,2,0
4140810140.avi,1,2,1,2
4599990216.avi,1,3,0,0
3100772023.avi,0,2,0,0
205601011.avi,0,3,0,0
4140810185.avi,0,3,0,0
3503610236.avi,2,3,0,0
303830139.mp4,3,1,1,1
33702102840.mp4,0,3,0,0
3100701022.avi,2,2,0,0
2100592054.avi,1,2,0,1
3100642009.avi,0,3,0,0
3100661049.avi,1,2,0,0
4000182010.avi,1,3,0,0
1110032034.avi,2,2,1,3
3100812003.avi,0,3,0,0
4000182028.avi,1,2,0,0
2026140225.mp4,0,2,1,0
1100131017.avi,2,0,0,0
2100592060.avi,0,2,0,0
1100171055.avi,1,2,0,0
248510223.mp4,0,3,0,0
1100142051.avi,2,2,1,0
1100011035.avi,0,3,0,0
1100152017.avi,1,1,0,1
1100061077.avi,0,2,0,0
1100012022.avi,0,3,0,0
2000502057.avi,0,3,1,1
2100581012.avi,1,3,0,1
3100761008.avi,3,1,0,1
2000501035.avi,2,2,2,0
2260510163.avi,3,1,0,2
1100161020.avi,0,3,0,0
4000181079.avi,0,2,0,0
2100581042.avi,0,2,1,0
2056010224.avi,1,1,2,1
3100621041.avi,0,3,0,0
3100781007.avi,0,1,0,0
4599990244.avi,1,3,0,0
2100572044.avi,2,2,0,0
3100692022.avi,2,2,0,0
3100752005.avi,2,2,1,1
1100172058.avi,2,1,0,2
3100752057.avi,2,2,0,0
303830113.mp4,1,1,1,1
1100171007.avi,0,2,0,0
181374024.avi,1,3,1,0
3100782039.avi,2,2,0,1
1813740116.avi,1,3,1,0
4000181078.avi,0,3,0,0
3100702019.avi,2,2,1,0
2100551080.avi,0,3,0,0
1100112045.avi,2,2,1,1
3100721021.avi,2,2,0,0
3344630267.avi,2,2,1,3
3100781043.avi,0,3,0,0
2100592013.avi,0,2,0,0
3100821031.avi,1,2,0,0
3100752021.avi,2,1,0,0
3100822066.avi,3,0,0,0
3100771016.avi,1,2,0,0
3100822065.avi,1,1,2,2
1100011063.avi,0,3,0,0
3100751075.avi,2,3,1,1
4110311018.avi,3,3,0,0
3100752055.avi,2,1,0,1
1100022014.avi,0,3,1,0
3100792006.avi,0,2,0,0
3100762004.avi,0,1,0,0
2000501003.avi,1,2,0,1
2026140223.mp4,1,3,1,0
4140810165.avi,1,3,0,0
1100152001.avi,2,2,0,0
1110031027.avi,2,1,2,0
2100572062.avi,0,3,0,0
3100782063.avi,0,2,0,0
1100072079.avi,0,2,0,1
4110311044.avi,0,2,0,0
1100051055.avi,0,2,0,1
4110311045.avi,3,1,0,2
1813740267.avi,0,2,0,0
4110211021.avi,2,1,0,0
3100751057.avi,2,1,1,1
303830126.mp4,2,1,1,1
2100601065.avi,0,3,0,0
4110211045.avi,3,1,2,0
33702102100.mp4,0,3,0,0
3100792045.avi,2,1,1,1
1100051030.avi,2,1,0,0
3100751069.avi,1,2,1,1
2100571023.avi,2,1,1,1
1100042026.avi,2,1,1,0
2100612069.avi,0,2,0,1
1100141016.avi,0,3,0,0
1813740259.avi,0,3,0,0
3100722026.avi,0,3,0,0
1100052049.avi,0,2,0,0
29042801780.mp4,0,2,0,1
29042801600.mp4,1,3,0,0
3100821052.avi,0,0,0,0
2100601035.avi,0,3,0,1
3100791060.avi,0,3,0,0
1100172043.avi,2,1,0,0
1100022026.avi,0,3,0,0
1100011070.avi,0,3,0,0
3100791070.avi,1,2,1,0
2000542054.avi,1,2,0,0
342227027.avi,1,3,1,0
1100012026.avi,1,3,0,0
2408460111.avi,1,2,1,1
2100582002.avi,2,2,0,0
1100061050.avi,2,2,0,0
4000182032.avi,0,3,0,0
1100072040.avi,1,2,0,0
3100751070.avi,1,2,0,0
1110031056.avi,1,1,2,2
1100112007.avi,1,3,0,0
4110311006.avi,2,1,0,1
3100741073.avi,0,2,0,0
1100172003.avi,0,2,0,0
2026140254.mp4,3,2,0,0
3100762055.avi,2,1,1,1
2100582062.avi,3,0,0,0
4018350268.mp4,0,3,1,0
1100012016.avi,0,3,0,0
4110212050.avi,2,2,0,2
29042802240.mp4,1,3,1,1
2000501039.avi,0,3,0,0
1100161014.avi,1,2,0,0
1100162005.avi,2,1,2,1
248510160.mp4,0,3,0,0
1100151062.avi,0,2,0,0
3100802028.avi,1,3,0,0
24851019.mp4,0,3,1,0
2100582009.avi,1,3,0,0
33702101660.mp4,1,3,0,1
3100781057.avi,1,2,0,1
1100112024.avi,0,3,0,0
1100051012.avi,1,2,0,0
3100811054.avi,1,2,0,0
4000182060.avi,1,3,2,0
1100022005.avi,2,1,0,0
1100111019.avi,1,2,0,0
3100732040.avi,1,3,1,0
2100611047.avi,2,2,0,0
3100741079.avi,0,3,0,0
2056010226.avi,1,3,0,1
3100762005.avi,1,2,0,0
4140810237.avi,0,3,0,0
4110211026.avi,3,2,0,0
3100692055.avi,1,2,0,0
3100821057.avi,2,1,0,0
303830141.mp4,3,3,0,0
3100792009.avi,0,2,0,0
303830245.mp4,0,3,0,0
2056010272.avi,1,2,3,1
2408460269.avi,0,2,0,0
3100701044.avi,2,2,0,0
2100591005.avi,0,3,0,0
4000182011.avi,2,2,0,0
1100072062.avi,2,2,0,0
3100701021.avi,1,2,0,0
1100052007.avi,1,2,1,0
1110031033.avi,2,1,2,3
3503610128.avi,1,3,0,0
3100621031.avi,1,3,1,1
3422270220.avi,1,2,1,1
3100782055.avi,0,2,0,0
3344630131.avi,3,1,2,2
2100592047.avi,0,3,0,0
1100052031.avi,1,2,0,0
2100572057.avi,2,1,0,1
1100061049.avi,0,2,0,0
303830110.mp4,1,2,1,1
2100612002.avi,2,3,0,0
2100592024.avi,0,3,0,0
3100782018.avi,3,2,0,0
3100741017.avi,0,3,0,0
2026140273.mp4,1,1,1,1
33702102330.mp4,0,3,1,0
1100122014.avi,2,3,0,0
2100511082.avi,0,3,0,0
1100152022.avi,1,2,2,1
2260510118.avi,2,2,2,1
3100791035.avi,2,3,0,1
3422270216.avi,1,3,1,1
4110212013.avi,1,3,0,0
3100721063.avi,1,3,0,0
2100551005.avi,3,0,2,2
3100831033.avi,2,2,1,0
1100072053.avi,0,2,0,0
33702101290.mp4,0,2,0,0
1100051031.avi,2,1,0,0
2100571001.avi,0,2,1,2
3100752048.avi,2,1,0,0
3100731056.avi,0,2,0,0
3100751074.avi,1,2,0,0
3100742020.avi,0,2,1,1
3100692039.avi,2,2,0,0
1100151042.avi,2,3,0,0
4110312008.avi,2,2,2,0
1100161016.avi,2,2,0,0
3503610117.avi,0,3,0,0
2100522004.avi,1,3,2,0
2408460129.avi,1,2,0,0
2100601020.avi,0,3,0,0
3100751012.avi,2,1,0,0
3344630242.avi,1,3,2,1
3100721012.avi,0,3,0,0
2100602019.avi,2,2,1,0
2100552018.avi,2,2,0,2
4140810228.avi,1,3,0,0
1100151012.avi,0,2,0,2
4000182009.avi,0,3,0,0
2100602012.avi,1,2,0,0
2056010232.avi,0,3,1,1
3100621052.avi,0,2,1,0
3100722070.avi,0,3,0,0
4110212010.avi,0,2,0,0
3100751010.avi,2,0,0,0
3100831003.avi,1,2,0,0
3100751068.avi,0,3,0,0
1110032047.avi,3,2,3,3
2000502007.avi,0,2,0,0
3100702064.avi,2,2,2,2
4110211027.avi,3,1,0,0
2000501078.avi,0,3,0,0
1100121064.avi,0,3,0,0
2100551057.avi,2,3,1,2
1100122037.avi,0,3,0,0
2100512064.avi,2,1,0,0
3503610264.avi,0,3,0,0
4599990126.avi,1,2,0,1
2260510152.avi,0,3,0,0
3100702038.avi,1,1,0,1
1100061027.avi,0,3,0,0
2000541030.avi,0,3,0,0
2100612041.avi,1,2,2,0
3100781004.avi,0,2,1,0
3100792041.avi,0,2,0,0
29042802410.mp4,0,3,0,0
3100741064.avi,0,2,0,0
2100571066.avi,1,2,0,1
3100742050.avi,0,2,0,0
2100562046.avi,0,2,0,0
1100151013.avi,2,2,0,0
3100702065.avi,1,3,0,0
2100611057.avi,2,2,0,0
2100581021.avi,2,1,1,0
334463026.avi,1,2,2,3
1100122051.avi,0,2,0,0
2100591046.avi,1,1,0,0
1100141005.avi,0,2,0,0
2000501051.avi,2,2,0,0
3100772035.avi,1,2,0,0
3100692032.avi,1,2,0,0
2100562038.avi,2,2,0,0
3100722078.avi,0,3,0,0
3100791069.avi,2,2,0,0
3100721030.avi,1,3,1,0
1100062045.avi,2,1,1,0
3100681044.avi,2,3,0,0
350361015.avi,1,3,0,0
4018350163.mp4,1,3,2,1
4000181007.avi,1,2,0,0
1100412018.avi,3,0,0,0
3100772018.avi,0,3,0,0
303830184.mp4,1,3,1,1
3100642012.avi,1,2,1,0
1100161015.avi,0,3,0,0
2260510115.avi,1,3,1,0
2100511005.avi,1,2,1,1
4018350276.mp4,1,3,0,1
2000542052.avi,0,3,0,0
2100592058.avi,0,2,0,0
3100701031.avi,0,3,0,0
3100792028.avi,1,2,0,0
2000482068.avi,0,3,1,0
2100512003.avi,0,2,2,0
3100681042.avi,2,1,0,0
2100551046.avi,1,2,0,0
1100122056.avi,2,1,0,1
1100161012.avi,0,3,1,0
1110032037.avi,1,2,2,3
2100591041.avi,0,2,0,0
3100682003.avi,0,2,0,0
3100772015.avi,1,3,0,0
3100742005.avi,0,2,0,0
3100721058.avi,0,2,0,0
3100702030.avi,1,2,0,0
2100572045.avi,1,2,0,0
2100602041.avi,2,0,1,0
2100551063.avi,2,2,1,2
1100021055.avi,3,1,0,0
303830157.mp4,0,3,1,1
3100771036.avi,2,2,1,0
2100601040.avi,0,3,0,0
4110211054.avi,2,2,0,0
181374016.avi,1,3,0,0
4110212023.avi,2,2,1,1
2100562060.avi,1,2,1,1
1100112037.avi,0,3,0,0
4599990132.avi,1,1,1,1
2100562008.avi,2,2,0,0
3100732013.avi,0,2,0,0
3100721031.avi,0,1,1,0
181374025.avi,0,3,0,0
3100791021.avi,0,3,0,0
1100071027.avi,2,2,0,0
1100071075.avi,2,2,0,0
2100602023.avi,1,2,1,1
3100721020.avi,0,3,0,0
2100582060.avi,3,0,0,0
2408460118.avi,2,1,1,1
2100601001.avi,2,3,1,0
3100622008.avi,0,3,0,0
1100071008.avi,2,3,0,0
3100821048.avi,0,1,0,0
2000501016.avi,2,3,0,1
3100742042.avi,0,3,0,0
1100062009.avi,0,3,0,0
4140810233.avi,1,3,1,1
4000181037.avi,1,2,1,1
3100781002.avi,2,1,0,0
4110211043.avi,2,2,3,3
1100072030.avi,2,2,0,0
2056010225.avi,1,3,0,0
1100061043.avi,0,3,0,0
4140810114.avi,0,3,0,0
4000181008.avi,2,2,2,2
1100112018.avi,0,3,0,0
4018350259.mp4,1,2,0,0
3100751006.avi,2,1,1,1
2100582058.avi,3,0,0,0
1100112057.avi,0,3,0,0
4110311072.avi,1,2,0,0
4599990110.avi,1,2,0,0
248510227.mp4,0,3,0,0
1813740270.avi,1,3,1,1
2026140249.mp4,0,3,0,0
1813740249.avi,0,3,0,0
303830174.mp4,1,3,0,0
2100551062.avi,2,2,0,0
3100771019.avi,2,2,0,0
4110211075.avi,2,1,2,2
3100821075.avi,3,0,0,1
1100071056.avi,1,2,1,1
33702102240.mp4,0,3,2,0
4110212049.avi,3,1,1,1
1100042023.avi,3,1,1,0
3344630199.avi,1,2,0,0
2100612026.avi,0,3,0,0
3100771030.avi,2,2,0,1
3100751011.avi,1,3,0,0
3100721064.avi,0,3,0,0
2100532047.avi,1,2,1,1
2100552044.avi,0,3,1,0
3100661022.avi,2,2,1,1
3503610225.avi,0,3,0,0
3100782058.avi,0,3,0,0
3370210180.mp4,0,3,0,0
2100561070.avi,0,3,0,0
4000181054.avi,1,2,0,0
3100751019.avi,0,1,0,0
2408460146.avi,0,3,1,1
2100612061.avi,1,3,2,0
1100061019.avi,0,2,0,0
2100531068.avi,0,3,0,0
4000182044.avi,1,3,0,0
3100631006.avi,0,3,0,0
3100701023.avi,2,1,1,2
2000501044.avi,1,3,1,0
3100771066.avi,0,2,1,1
3100741045.avi,0,3,0,0
4140810151.avi,1,3,0,0
2100562019.avi,2,1,2,0
3100622020.avi,1,2,2,0
3100782043.avi,1,3,1,1
1100072003.avi,0,3,0,0
1100142033.avi,1,1,0,0
3100701010.avi,2,1,0,0
2100512026.avi,0,2,0,2
1100142048.avi,1,3,0,0
401835015.mp4,2,1,1,0
3100752041.avi,0,3,1,0
3100622038.avi,0,3,0,0
1813740138.avi,2,0,1,0
3100781054.avi,0,3,1,0
4140810222.avi,2,3,1,0
3503610131.avi,1,3,0,0
3100781071.avi,0,2,0,0
2100581051.avi,0,2,0,0
2100552059.avi,2,3,1,0
1100151035.avi,0,3,2,0
3100791033.avi,1,3,2,0
248510155.mp4,0,3,0,0
1100411012.avi,1,2,0,0
303830169.mp4,1,2,1,0
181374019.avi,0,3,0,0
1100051033.avi,2,2,0,0
3100692015.avi,2,1,0,0
3100621034.avi,0,2,2,0
3100642028.avi,0,2,0,0
3100751073.avi,0,3,0,0
2026140277.mp4,1,3,1,0
3100661050.avi,2,2,1,0
3344630149.avi,1,3,0,0
3100771075.avi,0,2,0,0
2100592016.avi,0,3,0,0
1110031040.avi,0,3,0,0
3100681015.avi,2,1,0,0
1100151003.avi,1,2,0,0
1100011064.avi,0,3,0,0
4140810150.avi,0,3,0,0
1100041017.avi,2,2,0,2
2100591043.avi,1,2,0,0
3100812028.avi,2,1,1,0
3100751009.avi,0,3,0,0
29042802480.mp4,1,3,0,0
3100752060.avi,2,2,1,1
3100642036.avi,2,1,0,0
1100151009.avi,1,2,0,1
2000541062.avi,0,3,0,0
3344630211.avi,2,1,2,1
3100772065.avi,0,3,0,0
3100812027.avi,2,2,1,0
2260510126.avi,1,2,0,0
2100591054.avi,1,3,1,0
3100781059.avi,0,2,0,1
2100611027.avi,3,1,0,1
4599990223.avi,0,3,0,0
3503610158.avi,2,1,1,1
4000181057.avi,2,2,0,0
4599990235.avi,0,1,0,1
2100511012.avi,1,3,1,1
2100532027.avi,0,3,0,0
3100622002.avi,0,3,1,0
3100692054.avi,0,2,0,0
1100051041.avi,1,3,0,0
2100532054.avi,0,3,0,0
4110211036.avi,2,1,3,2
3100702010.avi,2,2,2,3
1100152070.avi,2,0,3,0
2100571062.avi,2,1,1,2
2100581027.avi,0,2,0,0
3100741069.avi,0,3,0,0
3100742024.avi,0,3,0,0
2100601046.avi,0,3,0,0
4140810181.avi,1,3,0,0
2100572063.avi,1,2,1,0
33702102880.mp4,0,3,0,0
3100721004.avi,0,3,0,0
2100611043.avi,0,2,0,0
3344630213.avi,1,3,1,0
1100112008.avi,0,3,0,0
3503610146.avi,0,3,0,0
2000502056.avi,2,2,0,0
3100661038.avi,1,2,2,0
1100121034.avi,2,2,0,0
4599990249.avi,0,3,0,0
1813740232.avi,1,2,1,1
3344630146.avi,1,2,1,0
2904280180.mp4,0,3,1,0
4018350213.mp4,1,3,1,0
2408460247.avi,1,3,1,1
3100831046.avi,0,3,0,0
2056010236.avi,1,2,1,1
3100782071.avi,0,2,0,0
3100632042.avi,0,3,1,0
2100582013.avi,2,2,0,1
2100521025.avi,1,2,1,1
24851014.mp4,1,2,0,0
2260510229.avi,0,3,1,0
4018350121.mp4,0,3,1,1
1110031065.avi,0,3,0,0
303830161.mp4,1,2,1,1
2100571045.avi,2,3,0,1
1100072070.avi,2,2,0,0
4000181080.avi,0,3,0,0
3422270262.avi,1,2,1,1
3100821030.avi,0,3,1,0
1100141040.avi,2,2,0,1
2100531054.avi,0,1,2,2
1100071050.avi,2,3,0,0
1100171057.avi,0,2,0,0
2100612057.avi,0,3,0,0
2100591039.avi,1,2,2,0
248510273.mp4,0,3,0,0
29042802280.mp4,0,3,0,0
1813740272.avi,1,3,0,0
4000182035.avi,2,1,0,2
2000491075.avi,0,2,0,0
1100072054.avi,0,2,0,0
1100071021.avi,2,3,0,0
2000502009.avi,2,2,1,2
4018350150.mp4,1,2,0,0
3422270242.avi,1,3,0,0
33702102820.mp4,2,3,0,1
248510220.mp4,0,3,0,0
1100171009.avi,2,2,1,0
1100161023.avi,2,2,1,1
1110032058.avi,0,3,0,0
4000181053.avi,1,2,2,1
1100141014.avi,1,2,1,1
2100551032.avi,1,1,0,0
2408460240.avi,2,2,1,1
2260510183.avi,2,2,1,2
3100751078.avi,1,2,0,1
2100521059.avi,0,3,0,0
2100612040.avi,2,3,2,0
24851015.mp4,0,3,0,0
2100571068.avi,3,2,0,0
3422270129.avi,1,1,1,1
303830155.mp4,0,1,2,0
33702102580.mp4,0,3,0,0
1100051016.avi,2,1,2,0
3100702005.avi,1,3,0,0
4110212051.avi,2,1,0,1
3100621025.avi,0,2,0,0
1100112021.avi,0,2,1,1
1110032045.avi,2,2,3,3
1100142017.avi,1,2,0,0
3100772020.avi,2,2,0,0
3503610136.avi,0,3,0,0
2100551069.avi,0,3,0,0
1100151033.avi,0,2,0,0
3100721052.avi,1,3,1,1
1100152008.avi,2,2,0,0
1100172012.avi,2,1,0,0
2100582056.avi,3,0,0,0
3100791026.avi,0,3,0,0
1813740174.avi,0,3,0,0
33702101620.mp4,0,2,0,0
4018350215.mp4,1,2,2,1
3100821022.avi,2,1,1,0
4000181017.avi,0,2,2,0
4110211023.avi,3,1,1,1
3344630276.avi,3,2,3,1
3100802001.avi,0,3,0,0
2100531004.avi,0,3,0,0
3422270141.avi,1,2,1,0
2100531073.avi,0,2,1,1
3100792016.avi,1,2,0,0
33702101550.mp4,0,3,0,0
3100782038.avi,0,3,0,0
3100642032.avi,1,2,1,1
3100701056.avi,0,3,0,0
2000502063.avi,2,2,0,0
3100771024.avi,1,2,1,1
2100512012.avi,0,3,0,0
3422270167.avi,1,1,1,0
3100751056.avi,3,1,0,0
2100561015.avi,1,2,1,0
2100522059.avi,1,2,0,0
3100752001.avi,2,2,1,1
3100702025.avi,0,3,0,0
1100041018.avi,2,2,0,0
2100602017.avi,0,3,2,2
2100581018.avi,0,3,0,0
1100062053.avi,0,3,0,0
4000181015.avi,2,1,2,2
1100021003.avi,0,1,0,0
1100042058.avi,1,2,2,0
3100622057.avi,0,2,0,0
3370210230.mp4,0,3,0,0
2100511069.avi,2,1,1,0
4599990238.avi,0,3,1,0
2100591072.avi,1,3,2,0
2100581003.avi,2,2,0,0
1100011026.avi,0,3,0,0
4110311020.avi,3,2,0,0
4140810210.avi,2,1,0,0
2100582055.avi,3,0,0,0
2100591021.avi,1,2,0,0
2000541077.avi,0,2,0,0
3100681046.avi,0,2,2,0
3100741034.avi,0,3,1,0
3100752037.avi,2,1,0,0
4140810225.avi,1,2,0,1
303830149.mp4,1,0,1,1
1100152006.avi,0,2,0,0
1100071064.avi,0,3,0,0
3100792069.avi,1,2,1,1
3100742028.avi,0,3,0,0
3100812014.avi,1,2,1,1
248510148.mp4,0,3,0,0
1100172026.avi,2,2,0,0
2100532050.avi,0,3,0,0
3100821038.avi,0,1,0,0
1100061069.avi,0,3,0,0
1100071060.avi,0,2,1,0
1100112044.avi,0,2,0,0
3100752050.avi,3,3,0,0
3100721049.avi,0,2,0,0
3100791047.avi,0,3,0,0
3100631022.avi,0,2,1,1
1100041022.avi,2,2,0,0
3100751007.avi,3,0,0,1
3100822050.avi,0,3,0,0
2100551054.avi,1,2,0,0
2100521016.avi,0,3,0,0
1100121042.avi,0,2,0,0
4140810180.avi,1,3,1,1
29042802720.mp4,0,3,1,0
2100551041.avi,1,2,2,2
2000542016.avi,0,2,0,0
2100551020.avi,2,2,1,1
414081028.avi,1,2,0,0
1100012037.avi,0,3,0,0
2904280260.mp4,2,1,1,1
3100821036.avi,0,3,0,0
3422270281.avi,1,3,1,1
1100071040.avi,2,3,0,0
2026140257.mp4,0,1,0,0
4018350145.mp4,1,2,0,1
2100531006.avi,0,3,0,0
3344630164.avi,0,2,1,1
2100601018.avi,0,1,2,0
33446301103.avi,2,3,1,3
3100631047.avi,0,3,0,0
29042802510.mp4,0,3,1,0
303830147.mp4,1,3,0,3
3344630170.avi,2,3,1,0
1813740128.avi,1,3,1,1
